Sample,PFCRT_404A_DEPTH,PFCRT_404A_TOTAL_DEPTH,PFCRT_404A_FREQ,PFCRT_404C_DEPTH,PFCRT_404C_TOTAL_DEPTH,PFCRT_404C_FREQ,PFCRT_454A_DEPTH,PFCRT_454A_TOTAL_DEPTH,PFCRT_454A_FREQ,PFCRT_454T_DEPTH,PFCRT_454T_TOTAL_DEPTH,PFCRT_454T_FREQ,PFCRT_466C_DEPTH,PFCRT_466C_TOTAL_DEPTH,PFCRT_466C_FREQ,PFCRT_466T_DEPTH,PFCRT_466T_TOTAL_DEPTH,PFCRT_466T_FREQ,PFCRT_610A_DEPTH,PFCRT_610A_TOTAL_DEPTH,PFCRT_610A_FREQ,PFCRT_610C_DEPTH,PFCRT_610C_TOTAL_DEPTH,PFCRT_610C_FREQ,PFCRT_610T_DEPTH,PFCRT_610T_TOTAL_DEPTH,PFCRT_610T_FREQ,PFMDR1_352A_DEPTH,PFMDR1_352A_TOTAL_DEPTH,PFMDR1_352A_FREQ,PFMDR1_352T_DEPTH,PFMDR1_352T_TOTAL_DEPTH,PFMDR1_352T_FREQ,PFMDR1_57A_DEPTH,PFMDR1_57A_TOTAL_DEPTH,PFMDR1_57A_FREQ,PFMDR1_57T_DEPTH,PFMDR1_57T_TOTAL_DEPTH,PFMDR1_57T_FREQ
BF246,0,0,0,0,0,0,0,0,0,0,0,0,0,0,0,0,0,0,0,0,0,0,0,0,0,0,0,0,116,0,116,116,1,77,111,0.6936936936936937,34,111,0.3063063063063063
BF259,0,0,0,0,0,0,0,0,0,0,0,0,0,0,0,0,0,0,0,0,0,0,0,0,0,0,0,69,118,0.5847457627118644,49,118,0.4152542372881356,51,115,0.4434782608695652,64,115,0.5565217391304348
BF260,0,0,0,0,0,0,0,0,0,0,0,0,0,0,0,0,0,0,0,0,0,0,0,0,0,0,0,96,96,1,0,0,0,25,89,0.2808988764044944,64,89,0.7191011235955056
BF261,0,0,0,0,0,0,0,0,0,0,0,0,0,0,0,0,0,0,0,0,0,0,0,0,0,0,0,100,143,0.6993006993006994,43,143,0.3006993006993007,72,139,0.5179856115107914,67,139,0.48201438848920863
BF262,0,0,0,0,0,0,0,0,0,0,0,0,0,0,0,0,0,0,0,0,0,0,0,0,0,0,0,126,126,1,0,0,0,29,125,0.23199999999999998,96,125,0.768
BF263,0,0,0,0,0,0,0,0,0,0,0,0,0,0,0,0,0,0,0,0,0,0,0,0,0,0,0,142,142,1,0,0,0,10,137,0.07299270072992703,127,137,0.927007299270073
BF247,0,0,0,0,0,0,0,0,0,0,0,0,0,0,0,0,0,0,0,0,0,0,0,0,0,0,0,0,68,0,68,68,1,67,67,1,0,0,0
BF248,0,0,0,0,0,0,0,0,0,0,0,0,0,0,0,0,0,0,0,0,0,0,0,0,0,0,0,0,119,0,119,119,1,118,118,1,0,0,0
BF249,0,0,0,0,0,0,0,0,0,0,0,0,0,0,0,0,0,0,0,0,0,0,0,0,0,0,0,0,88,0,88,88,1,88,88,1,0,0,0
BF251,0,0,0,0,0,0,0,0,0,0,0,0,0,0,0,0,0,0,0,0,0,0,0,0,0,0,0,0,99,0,99,99,1,95,95,1,0,0,0
BF252,11,11,1,0,0,0,11,11,1,0,0,0,12,12,1,0,0,0,0,0,0,7,7,1,0,0,0,17,84,0.20238095238095233,67,84,0.7976190476190477,85,85,1,0,0,0
BF254,0,0,0,0,0,0,0,0,0,0,0,0,0,0,0,0,0,0,0,0,0,0,0,0,0,0,0,0,80,0,80,80,1,79,79,1,0,0,0
BF255,0,0,0,0,0,0,0,0,0,0,0,0,0,0,0,0,0,0,0,0,0,0,0,0,0,0,0,0,108,0,108,108,1,105,105,1,0,0,0
BF257,0,0,0,0,0,0,0,0,0,0,0,0,0,0,0,0,0,0,0,0,0,0,0,0,0,0,0,1,79,0.012658227848101222,78,79,0.9873417721518988,79,79,1,0,0,0
BF250,0,0,0,0,0,0,0,0,0,0,0,0,0,0,0,0,0,0,0,0,0,0,0,0,0,0,0,82,82,1,0,0,0,81,81,1,0,0,0
BF253,0,0,0,0,0,0,0,0,0,0,0,0,0,0,0,0,0,0,0,0,0,0,0,0,0,0,0,102,102,1,0,0,0,103,103,1,0,0,0
BF256,0,0,0,0,0,0,0,0,0,0,0,0,0,0,0,0,0,0,0,0,0,0,0,0,0,0,0,121,121,1,0,0,0,121,121,1,0,0,0
BF258,0,0,0,0,0,0,0,0,0,0,0,0,0,0,0,0,0,0,0,0,0,0,0,0,0,0,0,95,95,1,0,0,0,94,94,1,0,0,0
