PFCRT_404A_FREQ,PFCRT_404C_FREQ,PFCRT_454A_FREQ,PFCRT_454T_FREQ,PFCRT_466C_FREQ,PFCRT_466T_FREQ,PFCRT_610A_FREQ,PFCRT_610C_FREQ,PFCRT_610T_FREQ,PFMDR1_352A_FREQ,PFMDR1_352T_FREQ,PFMDR1_57A_FREQ,PFMDR1_57T_FREQ
0,0,0,0,0,0,0,0,0,0,1,0.6936936936936937,0.3063063063063063
0,0,0,0,0,0,0,0,0,0.5847457627118644,0.4152542372881356,0.4434782608695652,0.5565217391304348
0,0,0,0,0,0,0,0,0,1,0,0.2808988764044944,0.7191011235955056
0,0,0,0,0,0,0,0,0,0.6993006993006994,0.3006993006993007,0.5179856115107914,0.48201438848920863
0,0,0,0,0,0,0,0,0,1,0,0.23199999999999998,0.768
0,0,0,0,0,0,0,0,0,1,0,0.07299270072992703,0.927007299270073
0,0,0,0,0,0,0,0,0,0,1,1,0
0,0,0,0,0,0,0,0,0,0,1,1,0
0,0,0,0,0,0,0,0,0,0,1,1,0
0,0,0,0,0,0,0,0,0,0,1,1,0
1,0,1,0,1,0,0,1,0,0.20238095238095233,0.7976190476190477,1,0
0,0,0,0,0,0,0,0,0,0,1,1,0
0,0,0,0,0,0,0,0,0,0,1,1,0
0,0,0,0,0,0,0,0,0,0.012658227848101222,0.9873417721518988,1,0
0,0,0,0,0,0,0,0,0,1,0,1,0
0,0,0,0,0,0,0,0,0,1,0,1,0
0,0,0,0,0,0,0,0,0,1,0,1,0
0,0,0,0,0,0,0,0,0,1,0,1,0
